{"lowlevel.spectral_centroid.mean": [1.2703630924224854], "lowlevel.spectral_contrast.mean": [[0.11935782432556152, 0.1259368658065796, 0.19557428359985352, 0.20936059951782227, 0.29320430755615234, 0.46595191955566406]], "lowlevel.dissonance.mean": [0.7338334321975708], "lowlevel.hfc.mean": [0.4743402898311615], "lowlevel.mfcc.mean": [[0.19401884078979492, -0.0931350588798523, 0.5577499866485596, 0.5105130076408386, 0.4090293049812317, 0.7329107522964478, 0.38243526220321655, 0.6248130798339844, 0.5912498235702515, 0.4543958902359009, 0.5750235319137573, 0.509560227394104, 0.5380712747573853]], "sfx.logattacktime.mean": [0.13052800297737122], "sfx.inharmonicity.mean": [1.5674771070480347]}