{"lowlevel.spectral_centroid.mean": [0.3295743763446808], "lowlevel.spectral_contrast.mean": [[0.5314303636550903, 0.3149070739746094, 0.2360682487487793, 0.22203779220581055, 0.2154247760772705, 0.21628737449645996]], "lowlevel.dissonance.mean": [0.47386133670806885], "lowlevel.hfc.mean": [0.46632441878318787], "lowlevel.mfcc.mean": [[0.1550978422164917, 0.3702859580516815, 0.7021046876907349, 0.6876846551895142, 0.8050193786621094, 0.7613312602043152, 0.7758650779724121, 0.7313764095306396, 0.7196745872497559, 0.6883959174156189, 0.6890984773635864, 0.6448227167129517, 0.639297604560852]], "sfx.logattacktime.mean": [0.22776344418525696], "sfx.inharmonicity.mean": [0.2118527591228485]}