{"lowlevel.spectral_centroid.mean": [1.555591344833374], "lowlevel.spectral_contrast.mean": [[0.028026580810546875, 0.09858369827270508, 0.12233781814575195, 0.27043962478637695, 0.27095746994018555, 0.5534777641296387]], "lowlevel.dissonance.mean": [0.7236512899398804], "lowlevel.hfc.mean": [0.4693578779697418], "lowlevel.mfcc.mean": [[0.11309003829956055, -0.012385457754135132, 0.6017366051673889, 0.30252665281295776, 0.5575548410415649, 0.4175453186035156, 0.502737820148468, 0.4792381525039673, 0.478468656539917, 0.5819016098976135, 0.4043736159801483, 0.5273464322090149, 0.4666635990142822]], "sfx.logattacktime.mean": [0.12869912385940552], "sfx.inharmonicity.mean": [1.2503974437713623]}