{"lowlevel.spectral_centroid.mean": [0.29846206307411194], "lowlevel.spectral_contrast.mean": [[1.0027945041656494, 0.24395406246185303, 0.2579364776611328, 0.1744861602783203, 0.16128039360046387, 0.1865684986114502]], "lowlevel.dissonance.mean": [0.3272517919540405], "lowlevel.hfc.mean": [0.46998515725135803], "lowlevel.mfcc.mean": [[0.28841328620910645, 0.6640064716339111, 0.9830374717712402, 0.8633610606193542, 1.0076978206634521, 1.0276933908462524, 1.0501573085784912, 0.9687434434890747, 0.9470881223678589, 0.8200232982635498, 0.7156316637992859, 0.6434131860733032, 0.5962969064712524]], "sfx.logattacktime.mean": [0.13918623328208923], "sfx.inharmonicity.mean": [0.1906137317419052]}