{"lowlevel.spectral_centroid.mean": [1.3311158418655396], "lowlevel.spectral_contrast.mean": [[0.4237382411956787, 0.20120501518249512, 0.20383715629577637, 0.36816930770874023, 0.4690053462982178, 0.5655760765075684]], "lowlevel.dissonance.mean": [0.7165175676345825], "lowlevel.hfc.mean": [0.4742494523525238], "lowlevel.mfcc.mean": [[0.2789376974105835, -0.2643197178840637, 0.7308948040008545, 0.5537246465682983, 0.5182267427444458, 0.692866325378418, 0.503425121307373, 0.7995215654373169, 0.6177302002906799, 0.7540852427482605, 0.6536663174629211, 0.6419318914413452, 0.7026250958442688]], "sfx.logattacktime.mean": [0.24587464332580566], "sfx.inharmonicity.mean": [1.2571662664413452]}