{"lowlevel.spectral_centroid.mean": [0.3216801583766937], "lowlevel.spectral_contrast.mean": [[0.6040289402008057, 0.5474938154220581, 0.4461442232131958, 0.3394753932952881, 0.42482423782348633, 0.35598325729370117]], "lowlevel.dissonance.mean": [0.33728480339050293], "lowlevel.hfc.mean": [0.46815037727355957], "lowlevel.mfcc.mean": [[0.5403491258621216, 0.7162923812866211, 0.8241788148880005, 0.7274208664894104, 0.7006821036338806, 0.44490620493888855, 0.4149143695831299, 0.5605604648590088, 0.533044159412384, 0.3545529842376709, 0.42820656299591064, 0.37755513191223145, 0.33563292026519775]], "sfx.logattacktime.mean": [0.8407171964645386], "sfx.inharmonicity.mean": [0.25435125827789307]}