{"lowlevel.spectral_centroid.mean": [0.3596169352531433], "lowlevel.spectral_contrast.mean": [[0.4504423141479492, 0.3787750005722046, 0.55089271068573, 0.4707338809967041, 0.4649360179901123, 0.4736340045928955]], "lowlevel.dissonance.mean": [0.40959787368774414], "lowlevel.hfc.mean": [0.46542495489120483], "lowlevel.mfcc.mean": [[0.37052464485168457, 0.5651297569274902, 0.5136597752571106, 0.36111828684806824, 0.27117687463760376, 0.4541665017604828, 0.7301571369171143, 0.8295630812644958, 0.7986093759536743, 0.711331844329834, 0.7223432064056396, 0.628314197063446, 0.5832171440124512]], "sfx.logattacktime.mean": [0.7278499007225037], "sfx.inharmonicity.mean": [0.45602893829345703]}