{"lowlevel.spectral_centroid.mean": [1.3334944248199463], "lowlevel.spectral_contrast.mean": [[0.16782379150390625, 0.38760149478912354, 0.30402708053588867, 0.42812585830688477, 0.4703214168548584, 0.42047643661499023]], "lowlevel.dissonance.mean": [0.7170437574386597], "lowlevel.hfc.mean": [0.46752795577049255], "lowlevel.mfcc.mean": [[0.22175347805023193, 0.04359425604343414, 0.45124077796936035, 0.282812237739563, 0.304576575756073, 0.3434164524078369, 0.2906702160835266, 0.257342666387558, 0.45711344480514526, 0.538236141204834, 0.6667085289955139, 0.8184386491775513, 0.6577866673469543]], "sfx.logattacktime.mean": [0.28273195028305054], "sfx.inharmonicity.mean": [0.8625118732452393]}