{"lowlevel.spectral_centroid.mean": [0.3116416037082672], "lowlevel.spectral_contrast.mean": [[0.9427039623260498, 0.5735173225402832, 0.43681538105010986, 0.2861006259918213, 0.17852067947387695, 0.18573284149169922]], "lowlevel.dissonance.mean": [-0.5436437129974365], "lowlevel.hfc.mean": [0.466667115688324], "lowlevel.mfcc.mean": [[0.2354198694229126, 0.651400625705719, 0.9913046360015869, 0.8312755227088928, 0.7527794241905212, 0.6123478412628174, 0.5523070693016052, 0.3991188108921051, 0.28049421310424805, 0.09390199184417725, -0.02395772933959961, -0.1478758454322815, -0.11740332841873169]], "sfx.logattacktime.mean": [0.6030466556549072], "sfx.inharmonicity.mean": [0.31199803948402405]}