{"lowlevel.spectral_centroid.mean": [0.6095021963119507], "lowlevel.spectral_contrast.mean": [[0.462398886680603, 0.7121226787567139, 0.5006343126296997, 0.406116247177124, 0.48992419242858887, 0.5225720405578613]], "lowlevel.dissonance.mean": [0.5062737464904785], "lowlevel.hfc.mean": [0.46544724702835083], "lowlevel.mfcc.mean": [[0.3703082799911499, 0.3479190468788147, 0.5121579766273499, 0.572996199131012, 0.4435393512248993, 0.10866233706474304, 0.5588977336883545, 0.5376586318016052, 0.59487384557724, 0.7361071109771729, 0.9984323382377625, 0.4866430163383484, 0.7710338830947876]], "sfx.logattacktime.mean": [0.7111736536026001], "sfx.inharmonicity.mean": [0.6566758155822754]}