{"lowlevel.spectral_centroid.mean": [1.7359801530838013], "lowlevel.spectral_contrast.mean": [[0.00405728816986084, 0.06668984889984131, 0.16741013526916504, 0.23533296585083008, 0.4226961135864258, 0.406719446182251]], "lowlevel.dissonance.mean": [0.6736893653869629], "lowlevel.hfc.mean": [0.48095983266830444], "lowlevel.mfcc.mean": [[0.13976240158081055, -0.07153007388114929, 0.6261659264564514, 0.3410796821117401, 0.48709627985954285, 0.46648135781288147, 0.5171219110488892, 0.39874905347824097, 0.5749391913414001, 0.5070909261703491, 0.47925621271133423, 0.41520336270332336, 0.5801534056663513]], "sfx.logattacktime.mean": [0.15808013081550598], "sfx.inharmonicity.mean": [0.8287882804870605]}