{"lowlevel.spectral_centroid.mean": [0.5524212718009949], "lowlevel.spectral_contrast.mean": [[0.5430750846862793, 0.40646374225616455, 0.3952890634536743, 0.43697619438171387, 0.41952967643737793, 0.5471169948577881]], "lowlevel.dissonance.mean": [0.6616116762161255], "lowlevel.hfc.mean": [0.508058488368988], "lowlevel.mfcc.mean": [[0.585260272026062, 0.25033438205718994, 0.22562073171138763, 0.2871497869491577, 0.29610347747802734, 0.4714980721473694, 0.6157853603363037, 0.535915195941925, 0.4587631821632385, 0.2947111129760742, 0.32586562633514404, 0.41043397784233093, 0.34208178520202637]], "sfx.logattacktime.mean": [0.20040282607078552], "sfx.inharmonicity.mean": [0.6427855491638184]}