{"lowlevel.spectral_centroid.mean": [0.3024205267429352], "lowlevel.spectral_contrast.mean": [[0.7165404558181763, 0.23895633220672607, 0.1237330436706543, 0.11995124816894531, 0.14033889770507812, 0.19611263275146484]], "lowlevel.dissonance.mean": [0.4909287691116333], "lowlevel.hfc.mean": [0.4651317298412323], "lowlevel.mfcc.mean": [[0.12133264541625977, 0.3761070966720581, 0.7930073738098145, 0.8358854055404663, 0.9719016551971436, 0.9642307162284851, 0.9907267093658447, 0.9162411689758301, 0.8748031854629517, 0.7814396023750305, 0.7320883274078369, 0.6443116068840027, 0.5960927605628967]], "sfx.logattacktime.mean": [0.2132967710494995], "sfx.inharmonicity.mean": [0.19752633571624756]}