{"lowlevel.spectral_centroid.mean": [1.0298105478286743], "lowlevel.spectral_contrast.mean": [[0.4482210874557495, 0.13786792755126953, 0.27485227584838867, 0.1980297565460205, 0.21380376815795898, 0.3218533992767334]], "lowlevel.dissonance.mean": [0.7426981925964355], "lowlevel.hfc.mean": [0.46753406524658203], "lowlevel.mfcc.mean": [[0.12350058555603027, 0.10522322356700897, 0.47448965907096863, 0.48642832040786743, 0.544026255607605, 0.642593502998352, 0.580627977848053, 0.722848653793335, 0.600311279296875, 0.6189683079719543, 0.6433253884315491, 0.6798553466796875, 0.665522575378418]], "sfx.logattacktime.mean": [0.16221240162849426], "sfx.inharmonicity.mean": [1.0537374019622803]}