{"lowlevel.spectral_centroid.mean": [0.3167765438556671], "lowlevel.spectral_contrast.mean": [[0.48897993564605713, 0.3189319372177124, 0.45756077766418457, 0.35648107528686523, 0.22358393669128418, 0.2180929183959961]], "lowlevel.dissonance.mean": [0.48017239570617676], "lowlevel.hfc.mean": [0.465370774269104], "lowlevel.mfcc.mean": [[0.26032042503356934, 0.6594643592834473, 0.8875576257705688, 0.6160356998443604, 0.5289111733436584, 0.510174572467804, 0.6856958866119385, 0.768286943435669, 0.8074472546577454, 0.7289260029792786, 0.6567192077636719, 0.5490878224372864, 0.5523141026496887]], "sfx.logattacktime.mean": [0.9249277114868164], "sfx.inharmonicity.mean": [0.25485292077064514]}