{"lowlevel.spectral_centroid.mean": [1.2727841138839722], "lowlevel.spectral_contrast.mean": [[0.005464911460876465, 0.0824887752532959, 0.09331846237182617, 0.16971945762634277, 0.33170342445373535, 0.5396065711975098]], "lowlevel.dissonance.mean": [0.7568657398223877], "lowlevel.hfc.mean": [0.47275400161743164], "lowlevel.mfcc.mean": [[0.16906511783599854, -0.14538049697875977, 0.6794187426567078, 0.3843206465244293, 0.3172977864742279, 0.716193675994873, 0.21210655570030212, 0.6844949722290039, 0.4592370390892029, 0.43929150700569153, 0.5355063676834106, 0.5038445591926575, 0.4756390452384949]], "sfx.logattacktime.mean": [0.135643869638443], "sfx.inharmonicity.mean": [1.544386863708496]}