{"lowlevel.spectral_centroid.mean": [0.29800668358802795], "lowlevel.spectral_contrast.mean": [[1.2123618125915527, 0.23248088359832764, 0.1871962547302246, 0.14506006240844727, 0.13617277145385742, 0.18138623237609863]], "lowlevel.dissonance.mean": [0.4047102928161621], "lowlevel.hfc.mean": [0.4705471396446228], "lowlevel.mfcc.mean": [[0.20241153240203857, 0.5312109589576721, 0.9139988422393799, 0.9640041589736938, 1.108374834060669, 1.1215763092041016, 1.1735186576843262, 1.135035753250122, 1.1437596082687378, 1.0731910467147827, 1.0214848518371582, 0.9426991939544678, 0.8910610675811768]], "sfx.logattacktime.mean": [0.16247302293777466], "sfx.inharmonicity.mean": [0.18450842797756195]}

{"lowlevel.spectral_centroid.mean": [0.29800668358802795], "lowlevel.spectral_contrast.mean": [[1.2123618125915527, 0.23248088359832764, 0.1871962547302246, 0.14506006240844727, 0.13617277145385742, 0.18138623237609863]], "lowlevel.dissonance.mean": [0.4047102928161621], "lowlevel.hfc.mean": [0.4705471396446228], "lowlevel.mfcc.mean": [[0.20241153240203857, 0.5312109589576721, 0.9139988422393799, 0.9640041589736938, 1.108374834060669, 1.1215763092041016, 1.1735186576843262, 1.135035753250122, 1.1437596082687378, 1.0731910467147827, 1.0214848518371582, 0.9426991939544678, 0.8910610675811768]], "sfx.logattacktime.mean": [0.16247302293777466], "sfx.inharmonicity.mean": [0.18450842797756195]}


339.5741271972656

[[-0.75318027, -0.8505403,  -0.7843507,  -0.865967,   -0.8999848,  -0.89972925]]

 0.4227971136569977

5.777235984802246

[[-1026.1615,      232.357,        96.492805,     16.296087,     -7.189516,
     2.7425468,    16.511015,     19.717302,     12.918835,      7.029522,
     3.990546,      2.396287,      2.2302372]]

0

0

