{"lowlevel.spectral_centroid.mean": [0.3036738634109497], "lowlevel.spectral_contrast.mean": [[0.9295164942741394, 0.4697304964065552, 0.3626377582550049, 0.3952925205230713, 0.417510986328125, 0.5615355968475342]], "lowlevel.dissonance.mean": [0.6715998649597168], "lowlevel.hfc.mean": [0.4735262393951416], "lowlevel.mfcc.mean": [[0.7104402780532837, 0.4299647808074951, 0.7139501571655273, 1.230665922164917, 0.9926166534423828, 0.9745538830757141, 0.8602355122566223, 0.7737075090408325, 0.7194553017616272, 0.760189414024353, 0.47896212339401245, 0.4530372619628906, 0.39985281229019165]], "sfx.logattacktime.mean": [0.30914342403411865], "sfx.inharmonicity.mean": [0.32493525743484497]}