{"lowlevel.spectral_centroid.mean": [1.392309546470642], "lowlevel.spectral_contrast.mean": [[0.21827852725982666, 0.1449744701385498, 0.15661406517028809, 0.1362781524658203, 0.14369583129882812, 0.17489242553710938]], "lowlevel.dissonance.mean": [0.6957579851150513], "lowlevel.hfc.mean": [0.4871986508369446], "lowlevel.mfcc.mean": [[0.20253634452819824, 0.16850537061691284, 0.5006898045539856, 0.4152131676673889, 0.48037296533584595, 0.4434412717819214, 0.4789552390575409, 0.44572678208351135, 0.4671174883842468, 0.4287732243537903, 0.4425395727157593, 0.4234715402126312, 0.4190475344657898]], "sfx.logattacktime.mean": [0.20385488867759705], "sfx.inharmonicity.mean": [0.8360391855239868]}