{"lowlevel.spectral_centroid.mean": [0.2989131212234497], "lowlevel.spectral_contrast.mean": [[1.2021245956420898, 0.22355139255523682, 0.1886603832244873, 0.15889501571655273, 0.13790369033813477, 0.1821126937866211]], "lowlevel.dissonance.mean": [0.3484276533126831], "lowlevel.hfc.mean": [0.4703465402126312], "lowlevel.mfcc.mean": [[0.19684839248657227, 0.5283346176147461, 0.9156960844993591, 0.9444758296012878, 1.084783673286438, 1.105634331703186, 1.1711125373840332, 1.1529080867767334, 1.1418613195419312, 1.0832266807556152, 1.0326459407806396, 0.9636348485946655, 0.8931801319122314]], "sfx.logattacktime.mean": [0.18014323711395264], "sfx.inharmonicity.mean": [0.18455155193805695]}