{"lowlevel.spectral_centroid.mean": [1.7459508180618286], "lowlevel.spectral_contrast.mean": [[0.10747790336608887, 0.18670356273651123, 0.21252775192260742, 0.25082826614379883, 0.3422396183013916, 0.3501715660095215]], "lowlevel.dissonance.mean": [0.7402297258377075], "lowlevel.hfc.mean": [0.469801127910614], "lowlevel.mfcc.mean": [[0.15461599826812744, -0.052595049142837524, 0.512238085269928, 0.41430792212486267, 0.4809102416038513, 0.49663057923316956, 0.4768100380897522, 0.4626849591732025, 0.534123420715332, 0.4545740485191345, 0.5178136229515076, 0.4960551857948303, 0.501131534576416]], "sfx.logattacktime.mean": [0.12416315078735352], "sfx.inharmonicity.mean": [0.9317799806594849]}