{"lowlevel.spectral_centroid.mean": [0.4645869731903076], "lowlevel.spectral_contrast.mean": [[0.46021223068237305, 0.6433022022247314, 0.4425266981124878, 0.3658266067504883, 0.4024078845977783, 0.429288387298584]], "lowlevel.dissonance.mean": [0.4392310380935669], "lowlevel.hfc.mean": [0.4652143716812134], "lowlevel.mfcc.mean": [[0.2651726007461548, 0.37444788217544556, 0.568699836730957, 0.5803124308586121, 0.5454421043395996, 0.2717674672603607, 0.5443909168243408, 0.6209943294525146, 0.6916360259056091, 0.7535145878791809, 0.9351338744163513, 0.6954295635223389, 0.7260492444038391]], "sfx.logattacktime.mean": [0.7757897973060608], "sfx.inharmonicity.mean": [0.38639211654663086]}