{"lowlevel.spectral_centroid.mean": [0.40345659852027893], "lowlevel.spectral_contrast.mean": [[0.7603380680084229, 0.42450106143951416, 0.38358616828918457, 0.4109354019165039, 0.47087740898132324, 0.7462618350982666]], "lowlevel.dissonance.mean": [0.6723159551620483], "lowlevel.hfc.mean": [0.5348626971244812], "lowlevel.mfcc.mean": [[0.7887729406356812, 0.36078256368637085, 0.5466874241828918, 0.8114585876464844, 0.5614333152770996, 0.7450594902038574, 0.4850684702396393, 0.5730630159378052, 0.3288615942001343, 0.5184457898139954, 0.21191641688346863, 0.3960358500480652, 0.13354477286338806]], "sfx.logattacktime.mean": [0.21406251192092896], "sfx.inharmonicity.mean": [0.23972754180431366]}