{"lowlevel.spectral_centroid.mean": [0.2940463125705719], "lowlevel.spectral_contrast.mean": [[1.1154727935791016, 0.28109967708587646, 0.2327876091003418, 0.2227797508239746, 0.23045897483825684, 0.262423038482666]], "lowlevel.dissonance.mean": [0.6620403528213501], "lowlevel.hfc.mean": [0.4691264033317566], "lowlevel.mfcc.mean": [[0.22128677368164062, 0.5866914987564087, 0.9586893320083618, 0.9979854822158813, 1.1089990139007568, 1.0595406293869019, 1.0300705432891846, 0.9831938743591309, 0.9582152366638184, 0.9134961366653442, 0.8908015489578247, 0.843604564666748, 0.837272047996521]], "sfx.logattacktime.mean": [0.140010803937912], "sfx.inharmonicity.mean": [0.18440063297748566]}