{"lowlevel.spectral_centroid.mean": [0.38046523928642273], "lowlevel.spectral_contrast.mean": [[0.473574161529541, 0.33628129959106445, 0.44488251209259033, 0.3888130187988281, 0.22829461097717285, 0.22030353546142578]], "lowlevel.dissonance.mean": [0.4842597246170044], "lowlevel.hfc.mean": [0.4655642807483673], "lowlevel.mfcc.mean": [[0.27920854091644287, 0.6883711814880371, 0.8805036544799805, 0.5706654787063599, 0.4829121530056, 0.48169997334480286, 0.6515843272209167, 0.706929624080658, 0.7405833601951599, 0.696736216545105, 0.6623796820640564, 0.5594689846038818, 0.541556179523468]], "sfx.logattacktime.mean": [0.9914522171020508], "sfx.inharmonicity.mean": [0.2994700074195862]}