{"lowlevel.spectral_centroid.mean": [0.48929598927497864], "lowlevel.spectral_contrast.mean": [[0.8421358466148376, 0.6622318029403687, 0.7142481803894043, 0.7162754535675049, 0.7062587738037109, 0.7368025779724121]], "lowlevel.dissonance.mean": [0.5530767440795898], "lowlevel.hfc.mean": [0.5909736752510071], "lowlevel.mfcc.mean": [[1.1138255596160889, 0.38291239738464355, 0.5237237215042114, 0.6048343181610107, 0.5111416578292847, 0.563158392906189, 0.43271347880363464, 0.3856755495071411, 0.33095210790634155, 0.26027828454971313, 0.30255481600761414, 0.2089846432209015, 0.03394436836242676]], "sfx.logattacktime.mean": [0.10705983638763428], "sfx.inharmonicity.mean": [0.8866894245147705]}