{"lowlevel.spectral_centroid.mean": [0.3218335211277008], "lowlevel.spectral_contrast.mean": [[0.5162575244903564, 0.4811527729034424, 0.39155447483062744, 0.33130645751953125, 0.39858317375183105, 0.3456881046295166]], "lowlevel.dissonance.mean": [0.4380911588668823], "lowlevel.hfc.mean": [0.4665426015853882], "lowlevel.mfcc.mean": [[0.508974552154541, 0.6694684028625488, 0.8033003211021423, 0.7309191226959229, 0.7540379762649536, 0.5253910422325134, 0.4520791172981262, 0.5447686910629272, 0.5548093914985657, 0.4175390601158142, 0.47741401195526123, 0.4358007609844208, 0.4015827775001526]], "sfx.logattacktime.mean": [0.9031344652175903], "sfx.inharmonicity.mean": [0.24384813010692596]}