{"lowlevel.spectral_centroid.mean": [0.31495389342308044], "lowlevel.spectral_contrast.mean": [[1.1108239889144897, 0.6581659317016602, 0.5430632829666138, 0.4864659309387207, 0.5371599197387695, 0.6734826564788818]], "lowlevel.dissonance.mean": [0.6178568601608276], "lowlevel.hfc.mean": [0.5894122123718262], "lowlevel.mfcc.mean": [[1.1052424907684326, 0.5414690971374512, 0.6977709531784058, 0.9412201046943665, 0.6968100666999817, 0.7132545709609985, 0.6683846712112427, 0.6181994676589966, 0.5663411021232605, 0.5911190509796143, 0.37946850061416626, 0.3807516098022461, 0.38123682141304016]], "sfx.logattacktime.mean": [0.2360052764415741], "sfx.inharmonicity.mean": [0.20215503871440887]}