{"lowlevel.spectral_centroid.mean": [0.40470314025878906], "lowlevel.spectral_contrast.mean": [[0.7696512937545776, 0.4820958375930786, 0.421612024307251, 0.4216475486755371, 0.5057816505432129, 0.800811767578125]], "lowlevel.dissonance.mean": [0.6881986856460571], "lowlevel.hfc.mean": [0.54250568151474], "lowlevel.mfcc.mean": [[0.8882185220718384, 0.3654901683330536, 0.5497708320617676, 0.8310985565185547, 0.5686601400375366, 0.7737452983856201, 0.47824665904045105, 0.6313344240188599, 0.34333550930023193, 0.5774806141853333, 0.2175929844379425, 0.4348551630973816, 0.17289501428604126]], "sfx.logattacktime.mean": [0.20334488153457642], "sfx.inharmonicity.mean": [0.22100703418254852]}