{"lowlevel.spectral_centroid.mean": [0.2950676381587982], "lowlevel.spectral_contrast.mean": [[0.7820004820823669, 0.2659214735031128, 0.291013240814209, 0.2698507308959961, 0.2642688751220703, 0.29501771926879883]], "lowlevel.dissonance.mean": [0.6234979629516602], "lowlevel.hfc.mean": [0.4657670557498932], "lowlevel.mfcc.mean": [[0.3045070171356201, 0.6325325965881348, 0.8250330686569214, 0.8489092588424683, 0.9238263964653015, 0.8703300952911377, 0.9295790195465088, 0.8433640003204346, 0.8479746580123901, 0.8016861081123352, 0.7429137229919434, 0.6861282587051392, 0.6680268049240112]], "sfx.logattacktime.mean": [0.20075365900993347], "sfx.inharmonicity.mean": [0.1891118735074997]}