{"lowlevel.spectral_centroid.mean": [0.4855418801307678], "lowlevel.spectral_contrast.mean": [[0.6373145580291748, 0.31986141204833984, 0.3344235420227051, 0.3813002109527588, 0.3890557289123535, 0.3897104263305664]], "lowlevel.dissonance.mean": [0.6424276828765869], "lowlevel.hfc.mean": [0.4688536524772644], "lowlevel.mfcc.mean": [[0.6198275089263916, 0.5288942456245422, 0.6580682992935181, 0.6382430791854858, 0.8575129508972168, 0.8736768960952759, 0.8050516247749329, 0.65018230676651, 0.5569280385971069, 0.5261939167976379, 0.7378004193305969, 0.6931043863296509, 0.4707983434200287]], "sfx.logattacktime.mean": [0.24028435349464417], "sfx.inharmonicity.mean": [0.3357037305831909]}