{"lowlevel.spectral_centroid.mean": [0.4007072150707245], "lowlevel.spectral_contrast.mean": [[0.7206100821495056, 0.4280310869216919, 0.39550888538360596, 0.39643001556396484, 0.45339202880859375, 0.7333552837371826]], "lowlevel.dissonance.mean": [0.6852931976318359], "lowlevel.hfc.mean": [0.5197340250015259], "lowlevel.mfcc.mean": [[0.7704771757125854, 0.35584360361099243, 0.5451975464820862, 0.790837824344635, 0.5860942602157593, 0.7615045309066772, 0.4807901680469513, 0.5979705452919006, 0.33784788846969604, 0.5517200231552124, 0.220277339220047, 0.371321439743042, 0.12699046730995178]], "sfx.logattacktime.mean": [0.20334488153457642], "sfx.inharmonicity.mean": [0.2248140573501587]}