{"lowlevel.spectral_centroid.mean": [0.29766881465911865], "lowlevel.spectral_contrast.mean": [[1.0377042293548584, 0.32516205310821533, 0.23667430877685547, 0.2637779712677002, 0.24837040901184082, 0.22891926765441895]], "lowlevel.dissonance.mean": [0.35495316982269287], "lowlevel.hfc.mean": [0.47109320759773254], "lowlevel.mfcc.mean": [[0.24629080295562744, 0.590587854385376, 0.9325085878372192, 1.0309748649597168, 1.2139256000518799, 1.1668436527252197, 1.1184089183807373, 0.9833548665046692, 0.8853340148925781, 0.7620923519134521, 0.7028821706771851, 0.6318877935409546, 0.6036144495010376]], "sfx.logattacktime.mean": [0.27259156107902527], "sfx.inharmonicity.mean": [0.18442955613136292]}