{"lowlevel.spectral_centroid.mean": [0.31798481941223145], "lowlevel.spectral_contrast.mean": [[0.47422266006469727, 0.32836806774139404, 0.5077836513519287, 0.37598133087158203, 0.24257540702819824, 0.22323942184448242]], "lowlevel.dissonance.mean": [0.46127402782440186], "lowlevel.hfc.mean": [0.46531686186790466], "lowlevel.mfcc.mean": [[0.28516876697540283, 0.7075223922729492, 0.9081652164459229, 0.5991638898849487, 0.4902551770210266, 0.46748778223991394, 0.6381843686103821, 0.7192915678024292, 0.7693638205528259, 0.7108303308486938, 0.641105592250824, 0.512028157711029, 0.49893122911453247]], "sfx.logattacktime.mean": [0.25582316517829895], "sfx.inharmonicity.mean": [0.25392934679985046]}