{"lowlevel.spectral_centroid.mean": [0.5369935035705566], "lowlevel.spectral_contrast.mean": [[0.4768291711807251, 0.5790560245513916, 0.4689602851867676, 0.4330933094024658, 0.48996806144714355, 0.5304150581359863]], "lowlevel.dissonance.mean": [0.6554297208786011], "lowlevel.hfc.mean": [0.48412445187568665], "lowlevel.mfcc.mean": [[0.736406683921814, 0.3525627553462982, 0.3750248849391937, 0.5781686902046204, 0.45317578315734863, 0.4077693223953247, 0.3365819454193115, 0.3115687370300293, 0.28059887886047363, 0.15290606021881104, 0.19807034730911255, 0.3158479630947113, 0.37874943017959595]], "sfx.logattacktime.mean": [0.1842799186706543], "sfx.inharmonicity.mean": [0.6260947585105896]}