{"lowlevel.spectral_centroid.mean": [0.29506587982177734], "lowlevel.spectral_contrast.mean": [[0.7640251517295837, 0.3204904794692993, 0.38754916191101074, 0.25710225105285645, 0.35791778564453125, 0.3973357677459717]], "lowlevel.dissonance.mean": [0.6476705074310303], "lowlevel.hfc.mean": [0.46653181314468384], "lowlevel.mfcc.mean": [[0.4654500484466553, 0.6060786247253418, 0.7718040943145752, 0.8477786779403687, 0.9441128373146057, 0.8366336226463318, 0.609415590763092, 0.5560342073440552, 0.9124222993850708, 0.9814057350158691, 0.6181277632713318, 0.6791244745254517, 0.7444401979446411]], "sfx.logattacktime.mean": [0.20075365900993347], "sfx.inharmonicity.mean": [0.18962684273719788]}