{"lowlevel.spectral_centroid.mean": [0.3134608268737793], "lowlevel.spectral_contrast.mean": [[0.46778881549835205, 0.2667638063430786, 0.22746849060058594, 0.24559283256530762, 0.2168254852294922, 0.21435189247131348]], "lowlevel.dissonance.mean": [0.585494875907898], "lowlevel.hfc.mean": [0.46540719270706177], "lowlevel.mfcc.mean": [[0.1255573034286499, 0.32042086124420166, 0.6562721133232117, 0.6381505131721497, 0.7743028402328491, 0.7596580982208252, 0.7826704382896423, 0.7160740494728088, 0.7030351161956787, 0.6724546551704407, 0.6694756746292114, 0.6264408826828003, 0.6123141050338745]], "sfx.logattacktime.mean": [0.22210779786109924], "sfx.inharmonicity.mean": [0.22169432044029236]}