{"lowlevel.spectral_centroid.mean": [0.3148636221885681], "lowlevel.spectral_contrast.mean": [[0.5595545768737793, 0.34297680854797363, 0.47027313709259033, 0.4069538116455078, 0.2301790714263916, 0.21456193923950195]], "lowlevel.dissonance.mean": [0.45882248878479004], "lowlevel.hfc.mean": [0.46563735604286194], "lowlevel.mfcc.mean": [[0.2982783317565918, 0.7324413061141968, 0.9162322282791138, 0.6049518585205078, 0.5227358937263489, 0.5360429286956787, 0.7253057956695557, 0.7819802761077881, 0.7993987798690796, 0.7335160970687866, 0.6816619634628296, 0.5688170790672302, 0.539591372013092]], "sfx.logattacktime.mean": [0.22480657696723938], "sfx.inharmonicity.mean": [0.23396848142147064]}