{"lowlevel.spectral_centroid.mean": [1.411843180656433], "lowlevel.spectral_contrast.mean": [[0.13918280601501465, 0.13372457027435303, 0.19823336601257324, 0.24755048751831055, 0.431074857711792, 0.45278072357177734]], "lowlevel.dissonance.mean": [0.7489767074584961], "lowlevel.hfc.mean": [0.47184088826179504], "lowlevel.mfcc.mean": [[0.24640917778015137, -0.2126460075378418, 0.5121352672576904, 0.5588847398757935, 0.3722221553325653, 0.5264090299606323, 0.526100218296051, 0.5018605589866638, 0.49679869413375854, 0.4816916286945343, 0.5338728427886963, 0.448383092880249, 0.5285859704017639]], "sfx.logattacktime.mean": [0.1685258448123932], "sfx.inharmonicity.mean": [1.5478228330612183]}