{"lowlevel.spectral_centroid.mean": [1.5625183582305908], "lowlevel.spectral_contrast.mean": [[0.023897528648376465, 0.13099431991577148, 0.1965041160583496, 0.26514434814453125, 0.34435319900512695, 0.3251945972442627]], "lowlevel.dissonance.mean": [0.746204137802124], "lowlevel.hfc.mean": [0.4707198143005371], "lowlevel.mfcc.mean": [[0.15393400192260742, -0.07038086652755737, 0.5336093306541443, 0.4685058891773224, 0.4300094544887543, 0.49712178111076355, 0.46345922350883484, 0.47997039556503296, 0.528586208820343, 0.4403538703918457, 0.583739697933197, 0.41155576705932617, 0.4995865225791931]], "sfx.logattacktime.mean": [0.14939305186271667], "sfx.inharmonicity.mean": [1.1579129695892334]}